run_id,name,endpoint,query_shape,dataset_rows,iteration,duration_ms
20260625T221025Z,EXECUTE FILTER_PROJECT_LIMIT 1000,/query/execute,filter_project_limit,1000,1,7.188
20260625T221025Z,EXECUTE FILTER_PROJECT_LIMIT 1000,/query/execute,filter_project_limit,1000,2,6.964
20260625T221025Z,EXECUTE FILTER_PROJECT_LIMIT 1000,/query/execute,filter_project_limit,1000,3,7.072
20260625T221025Z,EXECUTE FILTER_PROJECT_LIMIT 1000,/query/execute,filter_project_limit,1000,4,6.75
20260625T221025Z,EXECUTE FILTER_PROJECT_LIMIT 1000,/query/execute,filter_project_limit,1000,5,6.334
20260625T221025Z,EXECUTE FILTER_PROJECT_LIMIT 1000,/query/execute,filter_project_limit,1000,6,7.87
20260625T221025Z,EXECUTE FILTER_PROJECT_LIMIT 1000,/query/execute,filter_project_limit,1000,7,6.799
20260625T221025Z,EXECUTE FILTER_PROJECT_LIMIT 1000,/query/execute,filter_project_limit,1000,8,7.574
20260625T221025Z,EXECUTE FILTER_PROJECT_LIMIT 1000,/query/execute,filter_project_limit,1000,9,7.476
20260625T221025Z,EXECUTE FILTER_PROJECT_LIMIT 1000,/query/execute,filter_project_limit,1000,10,6.015
20260625T221025Z,EXECUTE FILTER_PROJECT_LIMIT 1000,/query/execute,filter_project_limit,1000,11,8.197
20260625T221025Z,EXECUTE FILTER_PROJECT_LIMIT 1000,/query/execute,filter_project_limit,1000,12,6.548
20260625T221025Z,EXECUTE FILTER_PROJECT_LIMIT 1000,/query/execute,filter_project_limit,1000,13,7.409
20260625T221025Z,EXECUTE FILTER_PROJECT_LIMIT 1000,/query/execute,filter_project_limit,1000,14,6.359
20260625T221025Z,EXECUTE FILTER_PROJECT_LIMIT 1000,/query/execute,filter_project_limit,1000,15,6.605
20260625T221025Z,EXECUTE FILTER_PROJECT_LIMIT 1000,/query/execute,filter_project_limit,1000,16,6.412
20260625T221025Z,EXECUTE FILTER_PROJECT_LIMIT 1000,/query/execute,filter_project_limit,1000,17,5.97
20260625T221025Z,EXECUTE FILTER_PROJECT_LIMIT 1000,/query/execute,filter_project_limit,1000,18,6.062
20260625T221025Z,EXECUTE FILTER_PROJECT_LIMIT 1000,/query/execute,filter_project_limit,1000,19,9.822
20260625T221025Z,EXECUTE FILTER_PROJECT_LIMIT 1000,/query/execute,filter_project_limit,1000,20,7.804
20260625T221025Z,EXECUTE AGGREGATE_GROUP_BY 1000,/query/execute,aggregate_group_by,1000,1,8.639
20260625T221025Z,EXECUTE AGGREGATE_GROUP_BY 1000,/query/execute,aggregate_group_by,1000,2,8.513
20260625T221025Z,EXECUTE AGGREGATE_GROUP_BY 1000,/query/execute,aggregate_group_by,1000,3,8.549
20260625T221025Z,EXECUTE AGGREGATE_GROUP_BY 1000,/query/execute,aggregate_group_by,1000,4,8.503
20260625T221025Z,EXECUTE AGGREGATE_GROUP_BY 1000,/query/execute,aggregate_group_by,1000,5,8.263
20260625T221025Z,EXECUTE AGGREGATE_GROUP_BY 1000,/query/execute,aggregate_group_by,1000,6,32.606
20260625T221025Z,EXECUTE AGGREGATE_GROUP_BY 1000,/query/execute,aggregate_group_by,1000,7,11.011
20260625T221025Z,EXECUTE AGGREGATE_GROUP_BY 1000,/query/execute,aggregate_group_by,1000,8,8.141
20260625T221025Z,EXECUTE AGGREGATE_GROUP_BY 1000,/query/execute,aggregate_group_by,1000,9,8.521
20260625T221025Z,EXECUTE AGGREGATE_GROUP_BY 1000,/query/execute,aggregate_group_by,1000,10,7.536
20260625T221025Z,EXECUTE AGGREGATE_GROUP_BY 1000,/query/execute,aggregate_group_by,1000,11,7.603
20260625T221025Z,EXECUTE AGGREGATE_GROUP_BY 1000,/query/execute,aggregate_group_by,1000,12,7.593
20260625T221025Z,EXECUTE AGGREGATE_GROUP_BY 1000,/query/execute,aggregate_group_by,1000,13,8.266
20260625T221025Z,EXECUTE AGGREGATE_GROUP_BY 1000,/query/execute,aggregate_group_by,1000,14,7.841
20260625T221025Z,EXECUTE AGGREGATE_GROUP_BY 1000,/query/execute,aggregate_group_by,1000,15,8.363
20260625T221025Z,EXECUTE AGGREGATE_GROUP_BY 1000,/query/execute,aggregate_group_by,1000,16,7.836
20260625T221025Z,EXECUTE AGGREGATE_GROUP_BY 1000,/query/execute,aggregate_group_by,1000,17,8.518
20260625T221025Z,EXECUTE AGGREGATE_GROUP_BY 1000,/query/execute,aggregate_group_by,1000,18,7.454
20260625T221025Z,EXECUTE AGGREGATE_GROUP_BY 1000,/query/execute,aggregate_group_by,1000,19,9.739
20260625T221025Z,EXECUTE AGGREGATE_GROUP_BY 1000,/query/execute,aggregate_group_by,1000,20,7.843
20260625T221025Z,EXECUTE ORDER_BY_LIMIT 1000,/query/execute,order_by_limit,1000,1,6.685
20260625T221025Z,EXECUTE ORDER_BY_LIMIT 1000,/query/execute,order_by_limit,1000,2,6.634
20260625T221025Z,EXECUTE ORDER_BY_LIMIT 1000,/query/execute,order_by_limit,1000,3,6.749
20260625T221025Z,EXECUTE ORDER_BY_LIMIT 1000,/query/execute,order_by_limit,1000,4,6.309
20260625T221025Z,EXECUTE ORDER_BY_LIMIT 1000,/query/execute,order_by_limit,1000,5,5.435
20260625T221025Z,EXECUTE ORDER_BY_LIMIT 1000,/query/execute,order_by_limit,1000,6,7.236
20260625T221025Z,EXECUTE ORDER_BY_LIMIT 1000,/query/execute,order_by_limit,1000,7,5.952
20260625T221025Z,EXECUTE ORDER_BY_LIMIT 1000,/query/execute,order_by_limit,1000,8,6.289
20260625T221025Z,EXECUTE ORDER_BY_LIMIT 1000,/query/execute,order_by_limit,1000,9,6.17
20260625T221025Z,EXECUTE ORDER_BY_LIMIT 1000,/query/execute,order_by_limit,1000,10,7.746
20260625T221025Z,EXECUTE ORDER_BY_LIMIT 1000,/query/execute,order_by_limit,1000,11,6.86
20260625T221025Z,EXECUTE ORDER_BY_LIMIT 1000,/query/execute,order_by_limit,1000,12,7.252
20260625T221025Z,EXECUTE ORDER_BY_LIMIT 1000,/query/execute,order_by_limit,1000,13,7.165
20260625T221025Z,EXECUTE ORDER_BY_LIMIT 1000,/query/execute,order_by_limit,1000,14,6.63
20260625T221025Z,EXECUTE ORDER_BY_LIMIT 1000,/query/execute,order_by_limit,1000,15,6.149
20260625T221025Z,EXECUTE ORDER_BY_LIMIT 1000,/query/execute,order_by_limit,1000,16,6.828
20260625T221025Z,EXECUTE ORDER_BY_LIMIT 1000,/query/execute,order_by_limit,1000,17,5.931
20260625T221025Z,EXECUTE ORDER_BY_LIMIT 1000,/query/execute,order_by_limit,1000,18,6.937
20260625T221025Z,EXECUTE ORDER_BY_LIMIT 1000,/query/execute,order_by_limit,1000,19,6.065
20260625T221025Z,EXECUTE ORDER_BY_LIMIT 1000,/query/execute,order_by_limit,1000,20,5.855
20260625T221025Z,EXECUTE JOIN 1000,/query/execute,join,1000,1,7.581
20260625T221025Z,EXECUTE JOIN 1000,/query/execute,join,1000,2,6.799
20260625T221025Z,EXECUTE JOIN 1000,/query/execute,join,1000,3,7.575
20260625T221025Z,EXECUTE JOIN 1000,/query/execute,join,1000,4,9.967
20260625T221025Z,EXECUTE JOIN 1000,/query/execute,join,1000,5,7.389
20260625T221025Z,EXECUTE JOIN 1000,/query/execute,join,1000,6,6.966
20260625T221025Z,EXECUTE JOIN 1000,/query/execute,join,1000,7,6.513
20260625T221025Z,EXECUTE JOIN 1000,/query/execute,join,1000,8,7.321
20260625T221025Z,EXECUTE JOIN 1000,/query/execute,join,1000,9,6.765
20260625T221025Z,EXECUTE JOIN 1000,/query/execute,join,1000,10,6.906
20260625T221025Z,EXECUTE JOIN 1000,/query/execute,join,1000,11,6.866
20260625T221025Z,EXECUTE JOIN 1000,/query/execute,join,1000,12,6.5
20260625T221025Z,EXECUTE JOIN 1000,/query/execute,join,1000,13,7.561
20260625T221025Z,EXECUTE JOIN 1000,/query/execute,join,1000,14,6.543
20260625T221025Z,EXECUTE JOIN 1000,/query/execute,join,1000,15,6.953
20260625T221025Z,EXECUTE JOIN 1000,/query/execute,join,1000,16,6.815
20260625T221025Z,EXECUTE JOIN 1000,/query/execute,join,1000,17,6.413
20260625T221025Z,EXECUTE JOIN 1000,/query/execute,join,1000,18,7.141
20260625T221025Z,EXECUTE JOIN 1000,/query/execute,join,1000,19,6.156
20260625T221025Z,EXECUTE JOIN 1000,/query/execute,join,1000,20,7.222
20260625T221025Z,EXECUTE FILTER_PROJECT_LIMIT 10000,/query/execute,filter_project_limit,10000,1,6.881
20260625T221025Z,EXECUTE FILTER_PROJECT_LIMIT 10000,/query/execute,filter_project_limit,10000,2,6.99
20260625T221025Z,EXECUTE FILTER_PROJECT_LIMIT 10000,/query/execute,filter_project_limit,10000,3,6.181
20260625T221025Z,EXECUTE FILTER_PROJECT_LIMIT 10000,/query/execute,filter_project_limit,10000,4,7.787
20260625T221025Z,EXECUTE FILTER_PROJECT_LIMIT 10000,/query/execute,filter_project_limit,10000,5,6.185
20260625T221025Z,EXECUTE FILTER_PROJECT_LIMIT 10000,/query/execute,filter_project_limit,10000,6,6.911
20260625T221025Z,EXECUTE FILTER_PROJECT_LIMIT 10000,/query/execute,filter_project_limit,10000,7,6.527
20260625T221025Z,EXECUTE FILTER_PROJECT_LIMIT 10000,/query/execute,filter_project_limit,10000,8,6.285
20260625T221025Z,EXECUTE FILTER_PROJECT_LIMIT 10000,/query/execute,filter_project_limit,10000,9,7.695
20260625T221025Z,EXECUTE FILTER_PROJECT_LIMIT 10000,/query/execute,filter_project_limit,10000,10,6.425
20260625T221025Z,EXECUTE FILTER_PROJECT_LIMIT 10000,/query/execute,filter_project_limit,10000,11,7.162
20260625T221025Z,EXECUTE FILTER_PROJECT_LIMIT 10000,/query/execute,filter_project_limit,10000,12,7.025
20260625T221025Z,EXECUTE FILTER_PROJECT_LIMIT 10000,/query/execute,filter_project_limit,10000,13,7.309
20260625T221025Z,EXECUTE FILTER_PROJECT_LIMIT 10000,/query/execute,filter_project_limit,10000,14,7.089
20260625T221025Z,EXECUTE FILTER_PROJECT_LIMIT 10000,/query/execute,filter_project_limit,10000,15,7.188
20260625T221025Z,EXECUTE FILTER_PROJECT_LIMIT 10000,/query/execute,filter_project_limit,10000,16,7.585
20260625T221025Z,EXECUTE FILTER_PROJECT_LIMIT 10000,/query/execute,filter_project_limit,10000,17,6.855
20260625T221025Z,EXECUTE FILTER_PROJECT_LIMIT 10000,/query/execute,filter_project_limit,10000,18,7.857
20260625T221025Z,EXECUTE FILTER_PROJECT_LIMIT 10000,/query/execute,filter_project_limit,10000,19,7.145
20260625T221025Z,EXECUTE FILTER_PROJECT_LIMIT 10000,/query/execute,filter_project_limit,10000,20,7.773
20260625T221025Z,EXECUTE AGGREGATE_GROUP_BY 10000,/query/execute,aggregate_group_by,10000,1,9.393
20260625T221025Z,EXECUTE AGGREGATE_GROUP_BY 10000,/query/execute,aggregate_group_by,10000,2,8.992
20260625T221025Z,EXECUTE AGGREGATE_GROUP_BY 10000,/query/execute,aggregate_group_by,10000,3,9.545
20260625T221025Z,EXECUTE AGGREGATE_GROUP_BY 10000,/query/execute,aggregate_group_by,10000,4,10.03
20260625T221025Z,EXECUTE AGGREGATE_GROUP_BY 10000,/query/execute,aggregate_group_by,10000,5,9.005
20260625T221025Z,EXECUTE AGGREGATE_GROUP_BY 10000,/query/execute,aggregate_group_by,10000,6,10.095
20260625T221025Z,EXECUTE AGGREGATE_GROUP_BY 10000,/query/execute,aggregate_group_by,10000,7,8.553
20260625T221025Z,EXECUTE AGGREGATE_GROUP_BY 10000,/query/execute,aggregate_group_by,10000,8,9.555
20260625T221025Z,EXECUTE AGGREGATE_GROUP_BY 10000,/query/execute,aggregate_group_by,10000,9,8.729
20260625T221025Z,EXECUTE AGGREGATE_GROUP_BY 10000,/query/execute,aggregate_group_by,10000,10,9.631
20260625T221025Z,EXECUTE AGGREGATE_GROUP_BY 10000,/query/execute,aggregate_group_by,10000,11,9.137
20260625T221025Z,EXECUTE AGGREGATE_GROUP_BY 10000,/query/execute,aggregate_group_by,10000,12,8.871
20260625T221025Z,EXECUTE AGGREGATE_GROUP_BY 10000,/query/execute,aggregate_group_by,10000,13,9.842
20260625T221025Z,EXECUTE AGGREGATE_GROUP_BY 10000,/query/execute,aggregate_group_by,10000,14,8.563
20260625T221025Z,EXECUTE AGGREGATE_GROUP_BY 10000,/query/execute,aggregate_group_by,10000,15,9.103
20260625T221025Z,EXECUTE AGGREGATE_GROUP_BY 10000,/query/execute,aggregate_group_by,10000,16,9.048
20260625T221025Z,EXECUTE AGGREGATE_GROUP_BY 10000,/query/execute,aggregate_group_by,10000,17,9.597
20260625T221025Z,EXECUTE AGGREGATE_GROUP_BY 10000,/query/execute,aggregate_group_by,10000,18,8.977
20260625T221025Z,EXECUTE AGGREGATE_GROUP_BY 10000,/query/execute,aggregate_group_by,10000,19,9.781
20260625T221025Z,EXECUTE AGGREGATE_GROUP_BY 10000,/query/execute,aggregate_group_by,10000,20,8.856
20260625T221025Z,EXECUTE ORDER_BY_LIMIT 10000,/query/execute,order_by_limit,10000,1,6.31
20260625T221025Z,EXECUTE ORDER_BY_LIMIT 10000,/query/execute,order_by_limit,10000,2,7.323
20260625T221025Z,EXECUTE ORDER_BY_LIMIT 10000,/query/execute,order_by_limit,10000,3,6.113
20260625T221025Z,EXECUTE ORDER_BY_LIMIT 10000,/query/execute,order_by_limit,10000,4,6.864
20260625T221025Z,EXECUTE ORDER_BY_LIMIT 10000,/query/execute,order_by_limit,10000,5,6.649
20260625T221025Z,EXECUTE ORDER_BY_LIMIT 10000,/query/execute,order_by_limit,10000,6,5.999
20260625T221025Z,EXECUTE ORDER_BY_LIMIT 10000,/query/execute,order_by_limit,10000,7,6.466
20260625T221025Z,EXECUTE ORDER_BY_LIMIT 10000,/query/execute,order_by_limit,10000,8,6.553
20260625T221025Z,EXECUTE ORDER_BY_LIMIT 10000,/query/execute,order_by_limit,10000,9,6.045
20260625T221025Z,EXECUTE ORDER_BY_LIMIT 10000,/query/execute,order_by_limit,10000,10,6.865
20260625T221025Z,EXECUTE ORDER_BY_LIMIT 10000,/query/execute,order_by_limit,10000,11,5.987
20260625T221025Z,EXECUTE ORDER_BY_LIMIT 10000,/query/execute,order_by_limit,10000,12,6.705
20260625T221025Z,EXECUTE ORDER_BY_LIMIT 10000,/query/execute,order_by_limit,10000,13,6.385
20260625T221025Z,EXECUTE ORDER_BY_LIMIT 10000,/query/execute,order_by_limit,10000,14,5.975
20260625T221025Z,EXECUTE ORDER_BY_LIMIT 10000,/query/execute,order_by_limit,10000,15,6.955
20260625T221025Z,EXECUTE ORDER_BY_LIMIT 10000,/query/execute,order_by_limit,10000,16,7.531
20260625T221025Z,EXECUTE ORDER_BY_LIMIT 10000,/query/execute,order_by_limit,10000,17,6.433
20260625T221025Z,EXECUTE ORDER_BY_LIMIT 10000,/query/execute,order_by_limit,10000,18,6.326
20260625T221025Z,EXECUTE ORDER_BY_LIMIT 10000,/query/execute,order_by_limit,10000,19,6.0
20260625T221025Z,EXECUTE ORDER_BY_LIMIT 10000,/query/execute,order_by_limit,10000,20,7.111
20260625T221025Z,EXECUTE JOIN 10000,/query/execute,join,10000,1,9.044
20260625T221025Z,EXECUTE JOIN 10000,/query/execute,join,10000,2,9.2
20260625T221025Z,EXECUTE JOIN 10000,/query/execute,join,10000,3,7.941
20260625T221025Z,EXECUTE JOIN 10000,/query/execute,join,10000,4,8.066
20260625T221025Z,EXECUTE JOIN 10000,/query/execute,join,10000,5,8.377
20260625T221025Z,EXECUTE JOIN 10000,/query/execute,join,10000,6,8.015
20260625T221025Z,EXECUTE JOIN 10000,/query/execute,join,10000,7,8.45
20260625T221025Z,EXECUTE JOIN 10000,/query/execute,join,10000,8,7.699
20260625T221025Z,EXECUTE JOIN 10000,/query/execute,join,10000,9,8.829
20260625T221025Z,EXECUTE JOIN 10000,/query/execute,join,10000,10,8.843
20260625T221025Z,EXECUTE JOIN 10000,/query/execute,join,10000,11,7.843
20260625T221025Z,EXECUTE JOIN 10000,/query/execute,join,10000,12,7.742
20260625T221025Z,EXECUTE JOIN 10000,/query/execute,join,10000,13,8.257
20260625T221025Z,EXECUTE JOIN 10000,/query/execute,join,10000,14,7.002
20260625T221025Z,EXECUTE JOIN 10000,/query/execute,join,10000,15,8.821
20260625T221025Z,EXECUTE JOIN 10000,/query/execute,join,10000,16,7.56
20260625T221025Z,EXECUTE JOIN 10000,/query/execute,join,10000,17,8.652
20260625T221025Z,EXECUTE JOIN 10000,/query/execute,join,10000,18,7.845
20260625T221025Z,EXECUTE JOIN 10000,/query/execute,join,10000,19,8.318
20260625T221025Z,EXECUTE JOIN 10000,/query/execute,join,10000,20,8.002
20260625T221025Z,EXECUTE FILTER_PROJECT_LIMIT 100000,/query/execute,filter_project_limit,100000,1,7.137
20260625T221025Z,EXECUTE FILTER_PROJECT_LIMIT 100000,/query/execute,filter_project_limit,100000,2,6.63
20260625T221025Z,EXECUTE FILTER_PROJECT_LIMIT 100000,/query/execute,filter_project_limit,100000,3,7.815
20260625T221025Z,EXECUTE FILTER_PROJECT_LIMIT 100000,/query/execute,filter_project_limit,100000,4,6.69
20260625T221025Z,EXECUTE FILTER_PROJECT_LIMIT 100000,/query/execute,filter_project_limit,100000,5,7.72
20260625T221025Z,EXECUTE FILTER_PROJECT_LIMIT 100000,/query/execute,filter_project_limit,100000,6,6.691
20260625T221025Z,EXECUTE FILTER_PROJECT_LIMIT 100000,/query/execute,filter_project_limit,100000,7,7.244
20260625T221025Z,EXECUTE FILTER_PROJECT_LIMIT 100000,/query/execute,filter_project_limit,100000,8,6.552
20260625T221025Z,EXECUTE FILTER_PROJECT_LIMIT 100000,/query/execute,filter_project_limit,100000,9,6.679
20260625T221025Z,EXECUTE FILTER_PROJECT_LIMIT 100000,/query/execute,filter_project_limit,100000,10,7.178
20260625T221025Z,EXECUTE FILTER_PROJECT_LIMIT 100000,/query/execute,filter_project_limit,100000,11,6.208
20260625T221025Z,EXECUTE FILTER_PROJECT_LIMIT 100000,/query/execute,filter_project_limit,100000,12,9.247
20260625T221025Z,EXECUTE FILTER_PROJECT_LIMIT 100000,/query/execute,filter_project_limit,100000,13,6.406
20260625T221025Z,EXECUTE FILTER_PROJECT_LIMIT 100000,/query/execute,filter_project_limit,100000,14,7.825
20260625T221025Z,EXECUTE FILTER_PROJECT_LIMIT 100000,/query/execute,filter_project_limit,100000,15,6.534
20260625T221025Z,EXECUTE FILTER_PROJECT_LIMIT 100000,/query/execute,filter_project_limit,100000,16,7.741
20260625T221025Z,EXECUTE FILTER_PROJECT_LIMIT 100000,/query/execute,filter_project_limit,100000,17,6.687
20260625T221025Z,EXECUTE FILTER_PROJECT_LIMIT 100000,/query/execute,filter_project_limit,100000,18,6.453
20260625T221025Z,EXECUTE FILTER_PROJECT_LIMIT 100000,/query/execute,filter_project_limit,100000,19,7.131
20260625T221025Z,EXECUTE FILTER_PROJECT_LIMIT 100000,/query/execute,filter_project_limit,100000,20,7.583
20260625T221025Z,EXECUTE AGGREGATE_GROUP_BY 100000,/query/execute,aggregate_group_by,100000,1,11.391
20260625T221025Z,EXECUTE AGGREGATE_GROUP_BY 100000,/query/execute,aggregate_group_by,100000,2,11.483
20260625T221025Z,EXECUTE AGGREGATE_GROUP_BY 100000,/query/execute,aggregate_group_by,100000,3,11.238
20260625T221025Z,EXECUTE AGGREGATE_GROUP_BY 100000,/query/execute,aggregate_group_by,100000,4,10.978
20260625T221025Z,EXECUTE AGGREGATE_GROUP_BY 100000,/query/execute,aggregate_group_by,100000,5,11.259
20260625T221025Z,EXECUTE AGGREGATE_GROUP_BY 100000,/query/execute,aggregate_group_by,100000,6,11.22
20260625T221025Z,EXECUTE AGGREGATE_GROUP_BY 100000,/query/execute,aggregate_group_by,100000,7,10.444
20260625T221025Z,EXECUTE AGGREGATE_GROUP_BY 100000,/query/execute,aggregate_group_by,100000,8,11.131
20260625T221025Z,EXECUTE AGGREGATE_GROUP_BY 100000,/query/execute,aggregate_group_by,100000,9,11.389
20260625T221025Z,EXECUTE AGGREGATE_GROUP_BY 100000,/query/execute,aggregate_group_by,100000,10,11.38
20260625T221025Z,EXECUTE AGGREGATE_GROUP_BY 100000,/query/execute,aggregate_group_by,100000,11,10.459
20260625T221025Z,EXECUTE AGGREGATE_GROUP_BY 100000,/query/execute,aggregate_group_by,100000,12,12.003
20260625T221025Z,EXECUTE AGGREGATE_GROUP_BY 100000,/query/execute,aggregate_group_by,100000,13,10.648
20260625T221025Z,EXECUTE AGGREGATE_GROUP_BY 100000,/query/execute,aggregate_group_by,100000,14,10.319
20260625T221025Z,EXECUTE AGGREGATE_GROUP_BY 100000,/query/execute,aggregate_group_by,100000,15,10.705
20260625T221025Z,EXECUTE AGGREGATE_GROUP_BY 100000,/query/execute,aggregate_group_by,100000,16,12.993
20260625T221025Z,EXECUTE AGGREGATE_GROUP_BY 100000,/query/execute,aggregate_group_by,100000,17,10.008
20260625T221025Z,EXECUTE AGGREGATE_GROUP_BY 100000,/query/execute,aggregate_group_by,100000,18,13.737
20260625T221025Z,EXECUTE AGGREGATE_GROUP_BY 100000,/query/execute,aggregate_group_by,100000,19,15.72
20260625T221025Z,EXECUTE AGGREGATE_GROUP_BY 100000,/query/execute,aggregate_group_by,100000,20,14.26
20260625T221025Z,EXECUTE ORDER_BY_LIMIT 100000,/query/execute,order_by_limit,100000,1,9.413
20260625T221025Z,EXECUTE ORDER_BY_LIMIT 100000,/query/execute,order_by_limit,100000,2,7.491
20260625T221025Z,EXECUTE ORDER_BY_LIMIT 100000,/query/execute,order_by_limit,100000,3,7.303
20260625T221025Z,EXECUTE ORDER_BY_LIMIT 100000,/query/execute,order_by_limit,100000,4,7.538
20260625T221025Z,EXECUTE ORDER_BY_LIMIT 100000,/query/execute,order_by_limit,100000,5,7.021
20260625T221025Z,EXECUTE ORDER_BY_LIMIT 100000,/query/execute,order_by_limit,100000,6,7.296
20260625T221025Z,EXECUTE ORDER_BY_LIMIT 100000,/query/execute,order_by_limit,100000,7,7.349
20260625T221025Z,EXECUTE ORDER_BY_LIMIT 100000,/query/execute,order_by_limit,100000,8,7.031
20260625T221025Z,EXECUTE ORDER_BY_LIMIT 100000,/query/execute,order_by_limit,100000,9,7.392
20260625T221025Z,EXECUTE ORDER_BY_LIMIT 100000,/query/execute,order_by_limit,100000,10,7.34
20260625T221025Z,EXECUTE ORDER_BY_LIMIT 100000,/query/execute,order_by_limit,100000,11,6.826
20260625T221025Z,EXECUTE ORDER_BY_LIMIT 100000,/query/execute,order_by_limit,100000,12,9.18
20260625T221025Z,EXECUTE ORDER_BY_LIMIT 100000,/query/execute,order_by_limit,100000,13,6.757
20260625T221025Z,EXECUTE ORDER_BY_LIMIT 100000,/query/execute,order_by_limit,100000,14,7.815
20260625T221025Z,EXECUTE ORDER_BY_LIMIT 100000,/query/execute,order_by_limit,100000,15,6.177
20260625T221025Z,EXECUTE ORDER_BY_LIMIT 100000,/query/execute,order_by_limit,100000,16,7.575
20260625T221025Z,EXECUTE ORDER_BY_LIMIT 100000,/query/execute,order_by_limit,100000,17,6.37
20260625T221025Z,EXECUTE ORDER_BY_LIMIT 100000,/query/execute,order_by_limit,100000,18,6.108
20260625T221025Z,EXECUTE ORDER_BY_LIMIT 100000,/query/execute,order_by_limit,100000,19,8.214
20260625T221025Z,EXECUTE ORDER_BY_LIMIT 100000,/query/execute,order_by_limit,100000,20,6.463
20260625T221025Z,EXECUTE JOIN 100000,/query/execute,join,100000,1,12.22
20260625T221025Z,EXECUTE JOIN 100000,/query/execute,join,100000,2,12.26
20260625T221025Z,EXECUTE JOIN 100000,/query/execute,join,100000,3,11.682
20260625T221025Z,EXECUTE JOIN 100000,/query/execute,join,100000,4,12.212
20260625T221025Z,EXECUTE JOIN 100000,/query/execute,join,100000,5,12.505
20260625T221025Z,EXECUTE JOIN 100000,/query/execute,join,100000,6,12.282
20260625T221025Z,EXECUTE JOIN 100000,/query/execute,join,100000,7,12.9
20260625T221025Z,EXECUTE JOIN 100000,/query/execute,join,100000,8,12.263
20260625T221025Z,EXECUTE JOIN 100000,/query/execute,join,100000,9,12.236
20260625T221025Z,EXECUTE JOIN 100000,/query/execute,join,100000,10,13.0
20260625T221025Z,EXECUTE JOIN 100000,/query/execute,join,100000,11,12.696
20260625T221025Z,EXECUTE JOIN 100000,/query/execute,join,100000,12,12.628
20260625T221025Z,EXECUTE JOIN 100000,/query/execute,join,100000,13,12.435
20260625T221025Z,EXECUTE JOIN 100000,/query/execute,join,100000,14,12.588
20260625T221025Z,EXECUTE JOIN 100000,/query/execute,join,100000,15,13.976
20260625T221025Z,EXECUTE JOIN 100000,/query/execute,join,100000,16,12.374
20260625T221025Z,EXECUTE JOIN 100000,/query/execute,join,100000,17,11.628
20260625T221025Z,EXECUTE JOIN 100000,/query/execute,join,100000,18,11.869
20260625T221025Z,EXECUTE JOIN 100000,/query/execute,join,100000,19,12.013
20260625T221025Z,EXECUTE JOIN 100000,/query/execute,join,100000,20,12.688
20260625T221025Z,EXECUTE FILTER_PROJECT_LIMIT 1000000,/query/execute,filter_project_limit,1000000,1,6.583
20260625T221025Z,EXECUTE FILTER_PROJECT_LIMIT 1000000,/query/execute,filter_project_limit,1000000,2,7.212
20260625T221025Z,EXECUTE FILTER_PROJECT_LIMIT 1000000,/query/execute,filter_project_limit,1000000,3,6.281
20260625T221025Z,EXECUTE FILTER_PROJECT_LIMIT 1000000,/query/execute,filter_project_limit,1000000,4,6.79
20260625T221025Z,EXECUTE FILTER_PROJECT_LIMIT 1000000,/query/execute,filter_project_limit,1000000,5,6.598
20260625T221025Z,EXECUTE FILTER_PROJECT_LIMIT 1000000,/query/execute,filter_project_limit,1000000,6,6.865
20260625T221025Z,EXECUTE FILTER_PROJECT_LIMIT 1000000,/query/execute,filter_project_limit,1000000,7,7.418
20260625T221025Z,EXECUTE FILTER_PROJECT_LIMIT 1000000,/query/execute,filter_project_limit,1000000,8,6.724
20260625T221025Z,EXECUTE FILTER_PROJECT_LIMIT 1000000,/query/execute,filter_project_limit,1000000,9,6.414
20260625T221025Z,EXECUTE FILTER_PROJECT_LIMIT 1000000,/query/execute,filter_project_limit,1000000,10,7.436
20260625T221025Z,EXECUTE FILTER_PROJECT_LIMIT 1000000,/query/execute,filter_project_limit,1000000,11,5.935
20260625T221025Z,EXECUTE FILTER_PROJECT_LIMIT 1000000,/query/execute,filter_project_limit,1000000,12,7.426
20260625T221025Z,EXECUTE FILTER_PROJECT_LIMIT 1000000,/query/execute,filter_project_limit,1000000,13,6.378
20260625T221025Z,EXECUTE FILTER_PROJECT_LIMIT 1000000,/query/execute,filter_project_limit,1000000,14,7.084
20260625T221025Z,EXECUTE FILTER_PROJECT_LIMIT 1000000,/query/execute,filter_project_limit,1000000,15,6.525
20260625T221025Z,EXECUTE FILTER_PROJECT_LIMIT 1000000,/query/execute,filter_project_limit,1000000,16,6.171
20260625T221025Z,EXECUTE FILTER_PROJECT_LIMIT 1000000,/query/execute,filter_project_limit,1000000,17,6.774
20260625T221025Z,EXECUTE FILTER_PROJECT_LIMIT 1000000,/query/execute,filter_project_limit,1000000,18,6.327
20260625T221025Z,EXECUTE FILTER_PROJECT_LIMIT 1000000,/query/execute,filter_project_limit,1000000,19,7.221
20260625T221025Z,EXECUTE FILTER_PROJECT_LIMIT 1000000,/query/execute,filter_project_limit,1000000,20,6.642
20260625T221025Z,EXECUTE AGGREGATE_GROUP_BY 1000000,/query/execute,aggregate_group_by,1000000,1,42.762
20260625T221025Z,EXECUTE AGGREGATE_GROUP_BY 1000000,/query/execute,aggregate_group_by,1000000,2,48.018
20260625T221025Z,EXECUTE AGGREGATE_GROUP_BY 1000000,/query/execute,aggregate_group_by,1000000,3,44.381
20260625T221025Z,EXECUTE AGGREGATE_GROUP_BY 1000000,/query/execute,aggregate_group_by,1000000,4,43.823
20260625T221025Z,EXECUTE AGGREGATE_GROUP_BY 1000000,/query/execute,aggregate_group_by,1000000,5,45.018
20260625T221025Z,EXECUTE AGGREGATE_GROUP_BY 1000000,/query/execute,aggregate_group_by,1000000,6,46.3
20260625T221025Z,EXECUTE AGGREGATE_GROUP_BY 1000000,/query/execute,aggregate_group_by,1000000,7,45.183
20260625T221025Z,EXECUTE AGGREGATE_GROUP_BY 1000000,/query/execute,aggregate_group_by,1000000,8,50.471
20260625T221025Z,EXECUTE AGGREGATE_GROUP_BY 1000000,/query/execute,aggregate_group_by,1000000,9,42.894
20260625T221025Z,EXECUTE AGGREGATE_GROUP_BY 1000000,/query/execute,aggregate_group_by,1000000,10,46.693
20260625T221025Z,EXECUTE AGGREGATE_GROUP_BY 1000000,/query/execute,aggregate_group_by,1000000,11,51.826
20260625T221025Z,EXECUTE AGGREGATE_GROUP_BY 1000000,/query/execute,aggregate_group_by,1000000,12,41.742
20260625T221025Z,EXECUTE AGGREGATE_GROUP_BY 1000000,/query/execute,aggregate_group_by,1000000,13,43.949
20260625T221025Z,EXECUTE AGGREGATE_GROUP_BY 1000000,/query/execute,aggregate_group_by,1000000,14,46.456
20260625T221025Z,EXECUTE AGGREGATE_GROUP_BY 1000000,/query/execute,aggregate_group_by,1000000,15,47.206
20260625T221025Z,EXECUTE AGGREGATE_GROUP_BY 1000000,/query/execute,aggregate_group_by,1000000,16,49.151
20260625T221025Z,EXECUTE AGGREGATE_GROUP_BY 1000000,/query/execute,aggregate_group_by,1000000,17,44.694
20260625T221025Z,EXECUTE AGGREGATE_GROUP_BY 1000000,/query/execute,aggregate_group_by,1000000,18,47.448
20260625T221025Z,EXECUTE AGGREGATE_GROUP_BY 1000000,/query/execute,aggregate_group_by,1000000,19,45.49
20260625T221025Z,EXECUTE AGGREGATE_GROUP_BY 1000000,/query/execute,aggregate_group_by,1000000,20,43.764
20260625T221025Z,EXECUTE ORDER_BY_LIMIT 1000000,/query/execute,order_by_limit,1000000,1,9.337
20260625T221025Z,EXECUTE ORDER_BY_LIMIT 1000000,/query/execute,order_by_limit,1000000,2,10.283
20260625T221025Z,EXECUTE ORDER_BY_LIMIT 1000000,/query/execute,order_by_limit,1000000,3,9.704
20260625T221025Z,EXECUTE ORDER_BY_LIMIT 1000000,/query/execute,order_by_limit,1000000,4,9.297
20260625T221025Z,EXECUTE ORDER_BY_LIMIT 1000000,/query/execute,order_by_limit,1000000,5,8.547
20260625T221025Z,EXECUTE ORDER_BY_LIMIT 1000000,/query/execute,order_by_limit,1000000,6,9.089
20260625T221025Z,EXECUTE ORDER_BY_LIMIT 1000000,/query/execute,order_by_limit,1000000,7,8.141
20260625T221025Z,EXECUTE ORDER_BY_LIMIT 1000000,/query/execute,order_by_limit,1000000,8,9.518
20260625T221025Z,EXECUTE ORDER_BY_LIMIT 1000000,/query/execute,order_by_limit,1000000,9,8.36
20260625T221025Z,EXECUTE ORDER_BY_LIMIT 1000000,/query/execute,order_by_limit,1000000,10,9.236
20260625T221025Z,EXECUTE ORDER_BY_LIMIT 1000000,/query/execute,order_by_limit,1000000,11,8.258
20260625T221025Z,EXECUTE ORDER_BY_LIMIT 1000000,/query/execute,order_by_limit,1000000,12,8.839
20260625T221025Z,EXECUTE ORDER_BY_LIMIT 1000000,/query/execute,order_by_limit,1000000,13,8.0
20260625T221025Z,EXECUTE ORDER_BY_LIMIT 1000000,/query/execute,order_by_limit,1000000,14,10.502
20260625T221025Z,EXECUTE ORDER_BY_LIMIT 1000000,/query/execute,order_by_limit,1000000,15,8.599
20260625T221025Z,EXECUTE ORDER_BY_LIMIT 1000000,/query/execute,order_by_limit,1000000,16,8.735
20260625T221025Z,EXECUTE ORDER_BY_LIMIT 1000000,/query/execute,order_by_limit,1000000,17,9.115
20260625T221025Z,EXECUTE ORDER_BY_LIMIT 1000000,/query/execute,order_by_limit,1000000,18,8.471
20260625T221025Z,EXECUTE ORDER_BY_LIMIT 1000000,/query/execute,order_by_limit,1000000,19,8.744
20260625T221025Z,EXECUTE ORDER_BY_LIMIT 1000000,/query/execute,order_by_limit,1000000,20,8.974
20260625T221025Z,EXECUTE JOIN 1000000,/query/execute,join,1000000,1,42.601
20260625T221025Z,EXECUTE JOIN 1000000,/query/execute,join,1000000,2,45.406
20260625T221025Z,EXECUTE JOIN 1000000,/query/execute,join,1000000,3,47.213
20260625T221025Z,EXECUTE JOIN 1000000,/query/execute,join,1000000,4,45.303
20260625T221025Z,EXECUTE JOIN 1000000,/query/execute,join,1000000,5,44.289
20260625T221025Z,EXECUTE JOIN 1000000,/query/execute,join,1000000,6,43.924
20260625T221025Z,EXECUTE JOIN 1000000,/query/execute,join,1000000,7,43.114
20260625T221025Z,EXECUTE JOIN 1000000,/query/execute,join,1000000,8,52.825
20260625T221025Z,EXECUTE JOIN 1000000,/query/execute,join,1000000,9,42.66
20260625T221025Z,EXECUTE JOIN 1000000,/query/execute,join,1000000,10,43.176
20260625T221025Z,EXECUTE JOIN 1000000,/query/execute,join,1000000,11,44.974
20260625T221025Z,EXECUTE JOIN 1000000,/query/execute,join,1000000,12,43.227
20260625T221025Z,EXECUTE JOIN 1000000,/query/execute,join,1000000,13,41.449
20260625T221025Z,EXECUTE JOIN 1000000,/query/execute,join,1000000,14,44.14
20260625T221025Z,EXECUTE JOIN 1000000,/query/execute,join,1000000,15,49.764
20260625T221025Z,EXECUTE JOIN 1000000,/query/execute,join,1000000,16,47.529
20260625T221025Z,EXECUTE JOIN 1000000,/query/execute,join,1000000,17,44.932
20260625T221025Z,EXECUTE JOIN 1000000,/query/execute,join,1000000,18,42.154
20260625T221025Z,EXECUTE JOIN 1000000,/query/execute,join,1000000,19,50.246
20260625T221025Z,EXECUTE JOIN 1000000,/query/execute,join,1000000,20,46.01
